Experiment,Task_1_Type,Task_2_Type,Stimulus_Valency,Simplified_RSO,SRM,Switch_Rate_Percent,Sequence_Type,ITI_Distribution_Type,ITI_Distribution_Params,ITI_ms,coh_1,coh_2,effective_start_cue1,effective_end_cue1,effective_start_go1,effective_end_go1,effective_start_stim1_mov,effective_end_stim1_mov,effective_start_stim2_mov,effective_end_stim2_mov,effective_start_cue2,effective_end_cue2,effective_start_go2,effective_end_go2,effective_start_stim1_or,effective_end_stim1_or,effective_start_stim2_or,effective_end_stim2_or
Telford 1931 Auditory RT (500ms SOA),Auditory RT,Auditory RT,Univalent,Identical,Arbitrary,0,Random,fixed,[],Not Specified,1.0,1.0,1000,5000,1000,5000,1000,1300,0,0,1500,5500,1500,5500,0,0,1500,1800
Telford 1931 Auditory RT (1000ms SOA),Auditory RT,Auditory RT,Univalent,Identical,Arbitrary,0,Random,fixed,[],Not Specified,1.0,1.0,1000,5000,1000,5000,1000,1300,0,0,2000,6000,2000,6000,0,0,2000,2300
Telford 1931 Auditory RT (2000ms SOA),Auditory RT,Auditory RT,Univalent,Identical,Arbitrary,0,Random,fixed,[],Not Specified,1.0,1.0,1000,5000,1000,5000,1000,1300,0,0,3000,7000,3000,7000,0,0,3000,3300
Telford 1931 Auditory RT (4000ms SOA),Auditory RT,Auditory RT,Univalent,Identical,Arbitrary,0,Random,fixed,[],Not Specified,1.0,1.0,1000,5000,1000,5000,1000,1300,0,0,5000,9000,5000,9000,0,0,5000,5300
Telford 1931 Line Length (1000ms SOA),Line Length Comparison,Line Length Comparison,Univalent,Identical,Arbitrary,0,Random,fixed,[],Not Specified,0.5,0.5,1000,3000,1000,3000,1000,3000,0,0,2000,4000,2000,4000,0,0,2000,4000
Telford 1931 Line Length (2000ms SOA),Line Length Comparison,Line Length Comparison,Univalent,Identical,Arbitrary,0,Random,fixed,[],Not Specified,0.5,0.5,1000,3000,1000,3000,1000,3000,0,0,3000,5000,3000,5000,0,0,3000,5000
Telford 1931 Line Length (4000ms SOA),Line Length Comparison,Line Length Comparison,Univalent,Identical,Arbitrary,0,Random,fixed,[],Not Specified,0.5,0.5,1000,3000,1000,3000,1000,3000,0,0,5000,7000,5000,7000,0,0,5000,7000
Telford 1931 Line Length (8000ms SOA),Line Length Comparison,Line Length Comparison,Univalent,Identical,Arbitrary,0,Random,fixed,[],Not Specified,0.5,0.5,1000,3000,1000,3000,1000,3000,0,0,9000,11000,9000,11000,0,0,9000,11000
"Telford 1931 Number Assoc. (Adults, 1000ms SOA)",Number Association,Number Association,Univalent,Identical,Arbitrary,0,Random,fixed,[],Not Specified,0.5,0.5,1000,3000,1000,3000,1000,3000,0,0,2000,4000,2000,4000,0,0,2000,4000
"Telford 1931 Number Assoc. (Adults, 2000ms SOA)",Number Association,Number Association,Univalent,Identical,Arbitrary,0,Random,fixed,[],Not Specified,0.5,0.5,1000,3000,1000,3000,1000,3000,0,0,3000,5000,3000,5000,0,0,3000,5000
"Telford 1931 Number Assoc. (Adults, 4000ms SOA)",Number Association,Number Association,Univalent,Identical,Arbitrary,0,Random,fixed,[],Not Specified,0.5,0.5,1000,3000,1000,3000,1000,3000,0,0,5000,7000,5000,7000,0,0,5000,7000
"Telford 1931 Number Assoc. (Adults, 8000ms SOA)",Number Association,Number Association,Univalent,Identical,Arbitrary,0,Random,fixed,[],Not Specified,0.5,0.5,1000,3000,1000,3000,1000,3000,0,0,9000,11000,9000,11000,0,0,9000,11000
"Telford 1931 Number Assoc. (Adults, 16000ms SOA)",Number Association,Number Association,Univalent,Identical,Arbitrary,0,Random,fixed,[],Not Specified,0.5,0.5,1000,3000,1000,3000,1000,3000,0,0,17000,19000,17000,19000,0,0,17000,19000
Stroop 1935 Word Reading,Word Reading,,Bivalent-Incongruent,N/A,Arbitrary,0,Random,fixed,[],Not Specified,1.0,0.5,1000,3000,1000,3000,1000,3000,0,0,0,0,0,0,1000,3000,0,0
Stroop 1935 Color Naming,Color Naming,,Bivalent-Incongruent,N/A,Arbitrary,0,Random,fixed,[],Not Specified,0.5,0.5,1000,3000,1000,3000,1000,3000,0,0,0,0,0,0,1000,3000,0,0
Jersild 1927 Calculation,Add 6,Subtract 3,Bivalent-Neutral,Identical,Arbitrary,100,Random,fixed,[],Not Specified,0.5,0.5,1000,3000,1000,3000,1000,3000,0,0,0,0,0,0,1000,3000,0,0
Jersild 1927 Controlled Association,Name Opposite,Name Object,Univalent,Disjoint,Arbitrary,100,Random,fixed,[],Not Specified,0.5,0.5,1000,3000,1000,3000,1000,3000,0,0,0,0,0,0,0,0,0,0
Jersild 1927 Controlled Association + Calculation,Name Opposite,Subtract 3,Univalent,Disjoint,Arbitrary,100,Random,fixed,[],Not Specified,0.5,0.5,1000,3000,1000,3000,1000,3000,0,0,0,0,0,0,0,0,0,0
Jersild 1927 Color Naming + Form Naming,Name Color,Name Form,Bivalent-Neutral,Disjoint,Arbitrary,100,Random,fixed,[],Not Specified,0.75,0.75,1000,3000,1000,3000,1000,3000,0,0,0,0,0,0,1000,3000,0,0
Hazeltine et al. 2006 Exp 1a,Auditory Choice RT,Word Categorization,Univalent,Disjoint,Arbitrary,0,Random,fixed,[],500,0.5,0.5,1000,3000,1000,3000,1000,3000,0,0,1000,3000,1000,3000,0,0,1000,3000
Hazeltine et al. 2006 Exp 1b,Word Categorization,Auditory Choice RT,Univalent,Disjoint,Arbitrary,0,Random,fixed,[],500,0.5,0.5,1000,3000,1000,3000,1000,3000,0,0,1000,3000,1000,3000,0,0,1000,3000
Hazeltine et al. 2006 Exp 2a (Standard RSO),Word Categorization (Manual),Auditory Choice RT (Vocal),Univalent,Disjoint,Arbitrary,0,Random,fixed,[],500,0.5,0.5,1000,3000,1000,3000,1000,3000,0,0,1000,3000,1000,3000,0,0,1000,3000
Hazeltine et al. 2006 Exp 2a (Non-Standard RSO),Auditory Choice RT (Manual),Word Categorization (Vocal),Univalent,Disjoint,Arbitrary,0,Random,fixed,[],500,0.5,0.5,1000,3000,1000,3000,1000,3000,0,0,1000,3000,1000,3000,0,0,1000,3000
Hazeltine et al. 2006 Exp 2b (Standard RSO),Word Categorization (Manual),Auditory Choice CT (Vocal),Univalent,Disjoint,Arbitrary,0,Random,fixed,[],500,0.5,0.5,1000,3000,1000,3000,1000,3000,0,0,1050,3050,1050,3050,0,0,1050,3050
Hazeltine et al. 2006 Exp 2b (Non-Standard RSO),Auditory Choice RT (Manual),Word Categorization (Vocal),Univalent,Disjoint,Arbitrary,0,Random,fixed,[],500,0.5,0.5,1000,3000,1000,3000,1000,3000,0,0,1050,3050,1050,3050,0,0,1050,3050
Hazeltine et al. 2006 Exp 3,Word Categorization (Manual),Auditory Quality RT (Vocal),Univalent,Disjoint,Arbitrary,0,Random,fixed,[],500,0.5,0.25,1000,3000,1000,3000,1000,3000,0,0,1000,3000,1000,3000,0,0,1000,3000
Rogers & Monsell 1995 Experiment 1,Letter Identification,Number Identification,Bivalent,Identical,Arbitrary,33,AABB,fixed,[],150,0.75,0.75,1000,3000,1000,3000,1000,3000,0,0,0,0,0,0,1000,3000,0,0
Rogers & Monsell 1995 Experiment 2,Letter Identification,Number Identification,Bivalent,Identical,Arbitrary,33,AABB,uniform,"[150, 1200]",675,0.75,0.75,1000,3000,1000,3000,1000,3000,0,0,0,0,0,0,1000,3000,0,0
Rogers & Monsell 1995 Experiment 3 (150ms RSI w/crosstalk),Letter Identification,Number Identification,Bivalent,Identical,Arbitrary,33,AABB,fixed,[],150,0.75,0.75,1000,3000,1000,3000,1000,3000,0,0,0,0,0,0,1000,3000,0,0
Rogers & Monsell 1995 Experiment 3 (300ms RSI w/crosstalk),Letter Identification,Number Identification,Bivalent,Identical,Arbitrary,33,AABB,fixed,[],300,0.75,0.75,1000,3000,1000,3000,1000,3000,0,0,0,0,0,0,1000,3000,0,0
Rogers & Monsell 1995 Experiment 3 (450ms RSI w/crosstalk),Letter Identification,Number Identification,Bivalent,Identical,Arbitrary,33,AABB,fixed,[],450,0.75,0.75,1000,3000,1000,3000,1000,3000,0,0,0,0,0,0,1000,3000,0,0
Rogers & Monsell 1995 Experiment 3 (600ms RSI w/crosstalk),Letter Identification,Number Identification,Bivalent,Identical,Arbitrary,33,AABB,fixed,[],600,0.75,0.75,1000,3000,1000,3000,1000,3000,0,0,0,0,0,0,1000,3000,0,0
Rogers & Monsell 1995 Experiment 3 (1200ms RSI w/crosstalk),Letter Identification,Number Identification,Bivalent,Identical,Arbitrary,33,AABB,fixed,[],1200,0.75,0.75,1000,3000,1000,3000,1000,3000,0,0,0,0,0,0,1000,3000,0,0
Rogers & Monsell 1995 Experiment 4 (150ms RSI no crosstalk),Letter Identification,Number Identification,Bivalent-Neutral,Identical,Arbitrary,33,AABB,fixed,[],150,0.75,0.75,1000,3000,1000,3000,1000,3000,0,0,0,0,0,0,1000,3000,0,0
Rogers & Monsell 1995 Experiment 4 (300ms RSI no crosstalk),Letter Identification,Number Identification,Bivalent-Neutral,Identical,Arbitrary,33,AABB,fixed,[],300,0.75,0.75,1000,3000,1000,3000,1000,3000,0,0,0,0,0,0,1000,3000,0,0
Rogers & Monsell 1995 Experiment 4 (450ms RSI no crosstalk),Letter Identification,Number Identification,Bivalent-Neutral,Identical,Arbitrary,33,AABB,fixed,[],450,0.75,0.75,1000,3000,1000,3000,1000,3000,0,0,0,0,0,0,1000,3000,0,0
Rogers & Monsell 1995 Experiment 4 (600ms RSI no crosstalk),Letter Identification,Number Identification,Bivalent-Neutral,Identical,Arbitrary,33,AABB,fixed,[],600,0.75,0.75,1000,3000,1000,3000,1000,3000,0,0,0,0,0,0,1000,3000,0,0
Rogers & Monsell 1995 Experiment 4 (1200ms RSI no crosstalk),Letter Identification,Number Identification,Bivalent-Neutral,Identical,Arbitrary,33,AABB,fixed,[],1200,0.75,0.75,1000,3000,1000,3000,1000,3000,0,0,0,0,0,0,1000,3000,0,0
Rogers & Monsell 1995 Experiment 5 (Neutral Irrelevant),Letter Identification,Number Identification,Bivalent-Neutral,Identical,Arbitrary,33,AABB,fixed,[],1000,0.75,0.75,1000,3000,1000,3000,1000,3000,0,0,0,0,0,0,1000,3000,0,0
Rogers & Monsell 1995 Experiment 5 (Competing Irrelevant),Letter Identification,Number Identification,Bivalent,Identical,Arbitrary,33,AABB,fixed,[],1000,0.75,0.75,1000,3000,1000,3000,1000,3000,0,0,0,0,0,0,1000,3000,0,0
Rogers & Monsell 1995 Experiment 6 (AABB),Letter Identification,Number Identification,Bivalent,Identical,Arbitrary,33,AABB,fixed,[],450,0.75,0.75,1000,3000,1000,3000,1000,3000,0,0,0,0,0,0,1000,3000,0,0
Rogers & Monsell 1995 Experiment 6 (AAAABBBB),Letter Identification,Number Identification,Bivalent,Identical,Arbitrary,14,AAAABBBB,fixed,[],450,0.75,0.75,1000,3000,1000,3000,1000,3000,0,0,0,0,0,0,1000,3000,0,0
Meiran 1996 Exp 1 (Short CSI),Spatial Classification (Left/Right),Spatial Classification (Up/Down),Bivalent,Identical,Arbitrary,50,Random,fixed,[],1341,0.75,0.75,797,2797,797,2797,1000,3000,0,0,0,0,0,0,1000,3000,0,0
Meiran 1996 Exp 1 (Long CSI),Spatial Classification (Left/Right),Spatial Classification (Up/Down),Bivalent,Identical,Arbitrary,50,Random,fixed,[],2561,0.75,0.75,-423,1577,-423,1577,1000,3000,0,0,0,0,0,0,1000,3000,0,0
Meiran 1996 Exp 2 (Short CSI),Spatial Classification (Left/Right),Spatial Classification (Up/Down),Bivalent,Identical,Arbitrary,50,Random,fixed,[],1848,0.75,0.75,784,2784,784,2784,1000,3000,0,0,0,0,0,0,1000,3000,0,0
Meiran 1996 Exp 2 (Long CSI),Spatial Classification (Left/Right),Spatial Classification (Up/Down),Bivalent,Identical,Arbitrary,50,Random,fixed,[],1848,0.75,0.75,-716,1284,-716,1284,1000,3000,0,0,0,0,0,0,1000,3000,0,0
Meiran 1996 Exp 3 (Short CSI),Spatial Classification (Left/Right),Spatial Classification (Up/Down),Bivalent,Identical,Arbitrary,50,Random,fixed,[],1848,0.75,0.75,784,2784,784,2784,1000,3000,0,0,0,0,0,0,1000,3000,0,0
Meiran 1996 Exp 3 (Long CSI),Spatial Classification (Left/Right),Spatial Classification (Up/Down),Bivalent,Identical,Arbitrary,50,Random,fixed,[],1848,0.75,0.75,-716,1284,-716,1284,1000,3000,0,0,0,0,0,0,1000,3000,0,0
Meiran 1996 Exp 4 (Short CSI),Spatial Classification (Left/Right),Spatial Classification (Up/Down),Bivalent,Identical,Arbitrary,50,Random,fixed,[],1548,0.75,0.75,868,2868,868,2868,1000,3000,0,0,0,0,0,0,1000,3000,0,0
Meiran 1996 Exp 4 (Long CSI),Spatial Classification (Left/Right),Spatial Classification (Up/Down),Bivalent,Identical,Arbitrary,50,Random,fixed,[],3048,0.75,0.75,-632,1368,-632,1368,1000,3000,0,0,0,0,0,0,1000,3000,0,0
Meiran 1996 Exp 5 Short CSI,Color Discrimination,Shape Discrimination,Bivalent,Identical,Arbitrary,50,Random,fixed,[],1814,0.75,0.75,341,2341,341,2341,1000,3000,0,0,0,0,0,0,1000,3000,0,0
Meiran 1996 Exp 5 Long CSI,Color Discrimination,Shape Discrimination,Bivalent,Identical,Arbitrary,50,Random,fixed,[],3063,0.75,0.75,-908,1092,-908,1092,1000,3000,0,0,0,0,0,0,1000,3000,0,0
Stephan & Koch (2010) Standard S-R Pairing,Auditory Location (Vocal),Spatial Location (Manual),Univalent,Disjoint,Arbitrary,50,Random,fixed,[],600,0.75,0.75,1000,3000,1000,3000,1000,3000,0,0,0,0,0,0,0,0,0,0
Stephan & Koch (2010) Non-Standard S-R Pairing,Auditory Location (Manual),Spatial Location (Vocal),Univalent,Disjoint,Arbitrary,50,Random,fixed,[],600,0.75,0.75,1000,3000,1000,3000,1000,3000,0,0,0,0,0,0,0,0,0,0
"Stephan & Koch (2010) Standard S-R Pairing, Random RSI",Auditory Location (Vocal),Spatial Location (Manual),Univalent,Disjoint,Arbitrary,50,Random,choice,"[600, 1600]",1100,0.75,0.75,1000,3000,1000,3000,1000,3000,0,0,0,0,0,0,0,0,0,0
"Stephan & Koch (2010) Non-Standard S-R Pairing, Random RSI",Auditory Location (Manual),Spatial Location (Vocal),Univalent,Disjoint,Arbitrary,50,Random,choice,"[600, 1600]",1100,0.75,0.75,1000,3000,1000,3000,1000,3000,0,0,0,0,0,0,0,0,0,0
Rubin & Meiran (2005) Exp 1 Uni NoFilt ShortCSI,Shape Discrimination,Color Discrimination,Univalent,Disjoint,Arbitrary,50,Random,fixed,[],1600,0.5,0.5,900,2900,900,2900,1000,3000,0,0,0,0,0,0,0,0,0,0
Rubin & Meiran (2005) Exp 1 Uni NoFilt LongCSI,Shape Discrimination,Color Discrimination,Univalent,Disjoint,Arbitrary,50,Random,fixed,[],2500,0.5,0.5,0,2000,0,2000,1000,3000,0,0,0,0,0,0,0,0,0,0
Rubin & Meiran (2005) Exp 1 Uni+F ShortCSI,Shape Discrimination,Color Discrimination,Univalent,Disjoint,Arbitrary,50,Random,fixed,[],1600,0.5,0.5,900,2900,900,2900,1000,3000,0,0,0,0,0,0,0,0,0,0
Rubin & Meiran (2005) Exp 1 Uni+F LongCSI,Shape Discrimination,Color Discrimination,Univalent,Disjoint,Arbitrary,50,Random,fixed,[],2500,0.5,0.5,0,2000,0,2000,1000,3000,0,0,0,0,0,0,0,0,0,0
Rubin & Meiran (2005) Exp 1 Biv+F ShortCSI,Shape Discrimination,Color Discrimination,Bivalent-Neutral,Disjoint,Arbitrary,50,Random,fixed,[],1600,0.5,0.5,900,2900,900,2900,1000,3000,0,0,0,0,0,0,1000,3000,0,0
Rubin & Meiran (2005) Exp 1 Biv+F LongCSI,Shape Discrimination,Color Discrimination,Bivalent-Neutral,Disjoint,Arbitrary,50,Random,fixed,[],2500,0.5,0.5,0,2000,0,2000,1000,3000,0,0,0,0,0,0,1000,3000,0,0
Yeung & Monsell (2003) Exp 1 NoDelay - Incongruent Trials,Word Naming (Vocal),Color Naming (Vocal),Bivalent-Incongruent,Identical,Arbitrary,33,AABB,fixed,[],1000,0.75,0.5,1000,3000,1000,3000,1000,3000,0,0,0,0,0,0,1000,3000,0,0
Yeung & Monsell (2003) Exp 1 NoDelay - Neutral Trials,Word Naming (Vocal),Color Naming (Vocal),Bivalent-Neutral,Identical,Arbitrary,33,AABB,fixed,[],1000,0.75,0.5,1000,3000,1000,3000,1000,3000,0,0,0,0,0,0,1000,3000,0,0
Yeung & Monsell (2003) Exp 1 160ms delay - Incongruent Trials,Word Naming (Vocal),Color Naming (Vocal),Bivalent-Incongruent,Identical,Arbitrary,33,AABB,fixed,[],1000,0.75,0.5,1000,3000,1000,3000,1000,3000,0,0,0,0,0,0,1160,3160,0,0
Yeung & Monsell (2003) Exp 1 160ms delay - Neutral Trials,Word Naming (Vocal),Color Naming (Vocal),Bivalent-Neutral,Identical,Arbitrary,33,AABB,fixed,[],1000,0.75,0.5,1000,3000,1000,3000,1000,3000,0,0,0,0,0,0,1160,3160,0,0
Yeung & Monsell (2003) Exp 1 320ms delay - Incongruent Trials,Word Naming (Vocal),Color Naming (Vocal),Bivalent-Incongruent,Identical,Arbitrary,33,AABB,fixed,[],1000,0.75,0.5,1000,3000,1000,3000,1000,3000,0,0,0,0,0,0,1320,3320,0,0
Yeung & Monsell (2003) Exp 1 320ms delay - Neutral Trials,Word Naming (Vocal),Color Naming (Vocal),Bivalent-Neutral,Identical,Arbitrary,33,AABB,fixed,[],1000,0.75,0.5,1000,3000,1000,3000,1000,3000,0,0,0,0,0,0,1320,3320,0,0
Yeung & Monsell (2003) Exp 2a,Digit Naming (Stronger),Odd/Even Classification (Weaker),Bivalent,Disjoint,Arbitrary,33,AABB,fixed,[],1200,0.75,0.5,1000,3000,1000,3000,1000,3000,0,0,0,0,0,0,1000,3000,0,0
Yeung & Monsell (2003) Exp 2b,Digit Naming (Stronger),Tens-Complement Naming (Weaker),Bivalent,Identical,Arbitrary,33,AABB,fixed,[],1200,0.75,0.25,1000,3000,1000,3000,1000,3000,0,0,0,0,0,0,1000,3000,0,0
Yeung & Monsell (2003) Exp 3 Full Overlap - Incongruent Trials,"Digit Naming (Stronger, Vocal)",Color -> Spoken Digit (Vocal),Bivalent-Incongruent,Identical,Arbitrary,33,AABB,fixed,[],1000,0.75,0.5,1000,3000,1000,3000,1000,3000,0,0,0,0,0,0,1000,3000,0,0
Yeung & Monsell (2003) Exp 3 Full Overlap - Neutral Trials,"Digit Naming (Stronger, Vocal)",Color -> Spoken Digit (Vocal),Bivalent-Neutral,Identical,Arbitrary,33,AABB,fixed,[],1000,0.75,0.5,1000,3000,1000,3000,1000,3000,0,0,0,0,0,0,1000,3000,0,0
Yeung & Monsell (2003) Exp 3 Modality Overlap - Incongruent Trials,"Digit Naming (Stronger, Vocal)",Color -> Spoken Direction (Vocal),Bivalent-Incongruent,Disjoint,Arbitrary,33,AABB,fixed,[],1000,0.75,0.5,1000,3000,1000,3000,1000,3000,0,0,0,0,0,0,1000,3000,0,0
Yeung & Monsell (2003) Exp 3 Modality Overlap - Neutral Trials,"Digit Naming (Stronger, Vocal)",Color -> Spoken Direction (Vocal),Bivalent-Neutral,Disjoint,Arbitrary,33,AABB,fixed,[],1000,0.75,0.5,1000,3000,1000,3000,1000,3000,0,0,0,0,0,0,1000,3000,0,0
Yeung & Monsell (2003) Exp 3 Category Overlap - Incongruent Trials,"Digit Naming (Stronger, Vocal)",Color -> Manual Digit Keypress (Manual),Bivalent-Incongruent,Disjoint,Arbitrary,33,AABB,fixed,[],1000,0.75,0.5,1000,3000,1000,3000,1000,3000,0,0,0,0,0,0,1000,3000,0,0
Yeung & Monsell (2003) Exp 3 Category Overlap - Neutral Trials,"Digit Naming (Stronger, Vocal)",Color -> Manual Digit Keypress (Manual),Bivalent-Neutral,Disjoint,Arbitrary,33,AABB,fixed,[],1000,0.75,0.5,1000,3000,1000,3000,1000,3000,0,0,0,0,0,0,1000,3000,0,0
Yeung & Monsell (2003) Exp 3 No Overlap - Incongruent Trials,"Digit Naming (Stronger, Vocal)",Color -> Manual Direction Keypress (Manual),Bivalent-Incongruent,Disjoint,Arbitrary,33,AABB,fixed,[],1000,0.75,0.5,1000,3000,1000,3000,1000,3000,0,0,0,0,0,0,1000,3000,0,0
Yeung & Monsell (2003) Exp 3 No Overlap - Neutral Trials,"Digit Naming (Stronger, Vocal)",Color -> Manual Direction Keypress (Manual),Bivalent-Neutral,Disjoint,Arbitrary,33,AABB,fixed,[],1000,0.75,0.5,1000,3000,1000,3000,1000,3000,0,0,0,0,0,0,1000,3000,0,0
Eriksen & Eriksen 1974 Tgt Alone - Mixed,Letter Identification,,Univalent,N/A,Arbitrary,0,Random,fixed,[],Not Specified,0.75,0.5,1000,3000,1000,3000,1000,3000,0,0,0,0,0,0,0,0,0,0
Eriksen & Eriksen 1974 Tgt Alone - Blocked,Letter Identification,,Univalent,N/A,Arbitrary,0,Random,fixed,[],Not Specified,0.75,0.5,1000,3000,1000,3000,1000,3000,0,0,0,0,0,0,0,0,0,0
Eriksen & Eriksen 1974 Noise Same Tgt - 0.06deg,Letter Identification,,Bivalent-Congruent (Identical),N/A,Arbitrary,0,Random,fixed,[],Not Specified,0.55,0.5,1000,3000,1000,3000,1000,3000,0,0,0,0,0,0,1000,3000,0,0
Eriksen & Eriksen 1974 Noise Same Tgt - 0.5deg,Letter Identification,,Bivalent-Congruent (Identical),N/A,Arbitrary,0,Random,fixed,[],Not Specified,0.65,0.5,1000,3000,1000,3000,1000,3000,0,0,0,0,0,0,1000,3000,0,0
Eriksen & Eriksen 1974 Noise Same Tgt - 1.0deg,Letter Identification,,Bivalent-Congruent (Identical),N/A,Arbitrary,0,Random,fixed,[],Not Specified,0.725,0.5,1000,3000,1000,3000,1000,3000,0,0,0,0,0,0,1000,3000,0,0
Eriksen & Eriksen 1974 Noise Resp Compat - 0.06deg,Letter Identification,,Bivalent-Congruent (Response Set),N/A,Arbitrary,0,Random,fixed,[],Not Specified,0.55,0.5,1000,3000,1000,3000,1000,3000,0,0,0,0,0,0,1000,3000,0,0
Eriksen & Eriksen 1974 Noise Resp Compat - 0.5deg,Letter Identification,,Bivalent-Congruent (Response Set),N/A,Arbitrary,0,Random,fixed,[],Not Specified,0.65,0.5,1000,3000,1000,3000,1000,3000,0,0,0,0,0,0,1000,3000,0,0
Eriksen & Eriksen 1974 Noise Resp Compat - 1.0deg,Letter Identification,,Bivalent-Congruent (Response Set),N/A,Arbitrary,0,Random,fixed,[],Not Specified,0.725,0.5,1000,3000,1000,3000,1000,3000,0,0,0,0,0,0,1000,3000,0,0
Eriksen & Eriksen 1974 Noise Resp Incompat - 0.06deg,Letter Identification,,Bivalent-Incongruent,N/A,Arbitrary,0,Random,fixed,[],Not Specified,0.55,0.5,1000,3000,1000,3000,1000,3000,0,0,0,0,0,0,1000,3000,0,0
Eriksen & Eriksen 1974 Noise Resp Incompat - 0.5deg,Letter Identification,,Bivalent-Incongruent,N/A,Arbitrary,0,Random,fixed,[],Not Specified,0.65,0.5,1000,3000,1000,3000,1000,3000,0,0,0,0,0,0,1000,3000,0,0
Eriksen & Eriksen 1974 Noise Resp Incompat - 1.0deg,Letter Identification,,Bivalent-Incongruent,N/A,Arbitrary,0,Random,fixed,[],Not Specified,0.725,0.5,1000,3000,1000,3000,1000,3000,0,0,0,0,0,0,1000,3000,0,0
Eriksen & Eriksen 1974 Noise Het. Similar - 0.06deg,Letter Identification,,Bivalent-Neutral (Feature Similar),N/A,Arbitrary,0,Random,fixed,[],Not Specified,0.55,0.5,1000,3000,1000,3000,1000,3000,0,0,0,0,0,0,1000,3000,0,0
Eriksen & Eriksen 1974 Noise Het. Similar - 0.5deg,Letter Identification,,Bivalent-Neutral (Feature Similar),N/A,Arbitrary,0,Random,fixed,[],Not Specified,0.65,0.5,1000,3000,1000,3000,1000,3000,0,0,0,0,0,0,1000,3000,0,0
Eriksen & Eriksen 1974 Noise Het. Similar - 1.0deg,Letter Identification,,Bivalent-Neutral (Feature Similar),N/A,Arbitrary,0,Random,fixed,[],Not Specified,0.725,0.5,1000,3000,1000,3000,1000,3000,0,0,0,0,0,0,1000,3000,0,0
Eriksen & Eriksen 1974 Noise Het. Dissimilar - 0.06deg,Letter Identification,,Bivalent-Neutral (Feature Dissimilar),N/A,Arbitrary,0,Random,fixed,[],Not Specified,0.55,0.5,1000,3000,1000,3000,1000,3000,0,0,0,0,0,0,1000,3000,0,0
Eriksen & Eriksen 1974 Noise Het. Dissimilar - 0.5deg,Letter Identification,,Bivalent-Neutral (Feature Dissimilar),N/A,Arbitrary,0,Random,fixed,[],Not Specified,0.65,0.5,1000,3000,1000,3000,1000,3000,0,0,0,0,0,0,1000,3000,0,0
Eriksen & Eriksen 1974 Noise Het. Dissimilar - 1.0deg,Letter Identification,,Bivalent-Neutral (Feature Dissimilar),N/A,Arbitrary,0,Random,fixed,[],Not Specified,0.725,0.5,1000,3000,1000,3000,1000,3000,0,0,0,0,0,0,1000,3000,0,0
Simon & Rudell 1967 - Congruent Trials,Response to Spoken Word,,Bivalent-Congruent,N/A,Compatible,0,Random,fixed,[],6000,0.75,0.5,1000,3000,1000,3000,1000,3000,0,0,0,0,0,0,1000,3000,0,0
Simon & Rudell 1967 - Incongruent Trials,Response to Spoken Word,,Bivalent-Incongruent,N/A,Compatible,0,Random,fixed,[],6000,0.75,0.5,1000,3000,1000,3000,1000,3000,0,0,0,0,0,0,1000,3000,0,0
Simon (1969) - Toward Block,Response to Auditory Stimulus Side,,Univalent,N/A,Compatible,0,Random,fixed,[],7000,1.0,0.5,1000,3000,1000,3000,1000,3000,0,0,0,0,0,0,0,0,0,0
Simon (1969) - Away Block,Response away from Auditory Stimulus Side,,Univalent,N/A,Incompatible,0,Random,fixed,[],7000,1.0,0.5,1000,3000,1000,3000,1000,3000,0,0,0,0,0,0,0,0,0,0
Schroeter et al. 2002 Stroop - Congruent,Color-Word Matching,,Bivalent-Congruent,N/A,Arbitrary,0,Random,fixed,[],12000,0.5,0.5,1000,3000,1000,3000,1000,3000,0,0,0,0,0,0,1000,3000,0,0
Schroeter et al. 2002 Stroop - Incongruent,Color-Word Matching,,Bivalent-Incongruent,N/A,Arbitrary,0,Random,fixed,[],12000,0.5,0.5,1000,3000,1000,3000,1000,3000,0,0,0,0,0,0,1000,3000,0,0
Schroeter et al. 2002 Stroop - Neutral,Matching task (Yes/No response). Top row presented 100ms before bottom. Neutral stimulus was 'XXXX' in a color. RT=740ms.,,Bivalent-Neutral,N/A,Arbitrary,0,Random,fixed,[],12000,0.5,0.5,1000,3000,1000,3000,1000,3000,0,0,0,0,0,0,1000,3000,0,0
Mahani 2019 Exp2 VisCong-AudNeut,Letter Identification,,Bivalent-Congruent,N/A,Arbitrary,0,Random,fixed,[],1000,0.75,0.5,1000,3000,1000,3000,1000,3000,0,0,0,0,0,0,1000,3000,0,0
Mahani 2019 Exp2 VisIncong-AudNeut,Letter Identification,,Bivalent-Incongruent,N/A,Arbitrary,0,Random,fixed,[],1000,0.75,0.5,1000,3000,1000,3000,1000,3000,0,0,0,0,0,0,1000,3000,0,0
Mahani 2019 Exp2 VisNeut-AudNeut,Letter Identification,,Bivalent-Neutral,N/A,Arbitrary,0,Random,fixed,[],1000,0.75,0.5,1000,3000,1000,3000,1000,3000,0,0,0,0,0,0,1000,3000,0,0
Brion 2018 Flanker - Congruent,Image Identification (Go/No-Go),,Bivalent-Congruent (Identical),N/A,Arbitrary,0,Random,fixed,[],490,0.5,0.5,1000,3000,1000,3000,1000,3000,0,0,0,0,0,0,1000,3000,0,0
Brion 2018 Flanker - Incongruent,Image Identification (Go/No-Go),,Bivalent-Incongruent,N/A,Arbitrary,0,Random,fixed,[],490,0.5,0.5,1000,3000,1000,3000,1000,3000,0,0,0,0,0,0,1000,3000,0,0
Brion 2018 Flanker - Neutral,Image Identification (Go/No-Go),,Bivalent-Neutral,N/A,Arbitrary,0,Random,fixed,[],490,0.5,0.5,1000,3000,1000,3000,1000,3000,0,0,0,0,0,0,1000,3000,0,0
Hommel 1993 Exp1 KI-IM - Congruent,Tone Discrimination,,Bivalent-Congruent,N/A,Compatible,0,Random,fixed,[],2500,0.75,0.5,1000,3000,1000,3000,1000,3000,0,0,0,0,0,0,1000,3000,0,0
Hommel 1993 Exp1 KI-IM - Incongruent,Tone Discrimination,,Bivalent-Incongruent,N/A,Compatible,0,Random,fixed,[],2500,0.75,0.5,1000,3000,1000,3000,1000,3000,0,0,0,0,0,0,1000,3000,0,0
Hommel 1993 Exp1 KI-IM - Neutral,Tone Discrimination,,Bivalent-Neutral,N/A,Compatible,0,Random,fixed,[],2500,0.75,0.5,1000,3000,1000,3000,1000,3000,0,0,0,0,0,0,1000,3000,0,0
Hommel 1993 Exp1 LI-IM - Congruent,Tone Discrimination,,Bivalent-Congruent,N/A,Incompatible,0,Random,fixed,[],2500,0.75,0.5,1000,3000,1000,3000,1000,3000,0,0,0,0,0,0,1000,3000,0,0
Hommel 1993 Exp1 LI-IM - Incongruent,Tone Discrimination,,Bivalent-Incongruent,N/A,Incompatible,0,Random,fixed,[],2500,0.75,0.5,1000,3000,1000,3000,1000,3000,0,0,0,0,0,0,1000,3000,0,0
Hommel 1993 Exp1 LI-IM - Neutral,Tone Discrimination,,Bivalent-Neutral,N/A,Incompatible,0,Random,fixed,[],2500,0.75,0.5,1000,3000,1000,3000,1000,3000,0,0,0,0,0,0,1000,3000,0,0
Parris 2014 Stroop LongRSI - Congruent,Color Naming,,Bivalent-Congruent,N/A,Arbitrary,0,Random,fixed,[],3500,0.5,0.5,1000,3000,1000,3000,1000,3000,0,0,0,0,0,0,1000,3000,0,0
Parris 2014 Stroop LongRSI - Incongruent,Color Naming,,Bivalent-Incongruent,N/A,Arbitrary,0,Random,fixed,[],3500,0.5,0.5,1000,3000,1000,3000,1000,3000,0,0,0,0,0,0,1000,3000,0,0
Parris 2014 Stroop LongRSI - Neutral,Color Naming,,Bivalent-Neutral,N/A,Arbitrary,0,Random,fixed,[],3500,0.5,0.5,1000,3000,1000,3000,1000,3000,0,0,0,0,0,0,1000,3000,0,0
Parris 2014 Stroop ShortRSI - Congruent,Color Naming,,Bivalent-Neutral,N/A,Arbitrary,0,Random,fixed,[],200,0.5,0.5,1000,3000,1000,3000,1000,3000,0,0,0,0,0,0,1000,3000,0,0
Parris 2014 Stroop ShortRSI - Incongruent,Color Naming,,Bivalent-Incongruent,N/A,Arbitrary,0,Random,fixed,[],200,0.5,0.5,1000,3000,1000,3000,1000,3000,0,0,0,0,0,0,1000,3000,0,0
Parris 2014 Stroop ShortRSI - Neutral,Color Naming,,Bivalent-Neutral,N/A,Arbitrary,0,Random,fixed,[],200,0.5,0.5,1000,3000,1000,3000,1000,3000,0,0,0,0,0,0,1000,3000,0,0
Kopp 1996 Flanker Short - Congruent,Arrow Identification,,Bivalent-Congruent,N/A,Compatible,0,Random,fixed,[],2000,0.5,0.5,1000,3000,1000,3000,1000,3000,0,0,0,0,0,0,900,2900,0,0
Kopp 1996 Flanker Short - Incongruent,Arrow Identification,,Bivalent-Incongruent,N/A,Compatible,0,Random,fixed,[],2000,0.5,0.5,1000,3000,1000,3000,1000,3000,0,0,0,0,0,0,900,2900,0,0
Kopp 1996 Flanker Short - Neutral,Arrow Identification,,Bivalent-Neutral,N/A,Compatible,0,Random,fixed,[],2000,0.5,0.5,1000,3000,1000,3000,1000,3000,0,0,0,0,0,0,900,2900,0,0
Kopp 1996 Flanker Large - Congruent,Arrow Identification,,Bivalent-Congruent,N/A,Compatible,0,Random,fixed,[],2000,0.5,0.5,1000,3000,1000,3000,1000,3000,0,0,0,0,0,0,900,2900,0,0
Kopp 1996 Flanker Large - Incongruent,Arrow Identification,,Bivalent-Incongruent,N/A,Compatible,0,Random,fixed,[],2000,0.5,0.5,1000,3000,1000,3000,1000,3000,0,0,0,0,0,0,900,2900,0,0
Kopp 1996 Flanker Large - Neutral,Arrow Identification,,Bivalent-Neutral,N/A,Compatible,0,Random,fixed,[],2000,0.5,0.5,1000,3000,1000,3000,1000,3000,0,0,0,0,0,0,1100,3100,0,0
Allport et al. 1994 Exp 1 - Shift Judgment,Value Judgment - Even or Odd,Value Judgment - More or Less Than 5,Bivalent-Neutral,Disjoint,Arbitrary,100,Random,fixed,[],Not Specified,0.5,0.5,1000,3000,1000,3000,1000,3000,0,0,0,0,0,0,1000,3000,0,0
Allport et al. 1994 Exp 1 - Shift Stimulus,Group Count - Even or Odd,Group Count - More or Less Than 5,Bivalent-Neutral,Disjoint,Arbitrary,100,Random,fixed,[],Not Specified,0.5,0.5,1000,3000,1000,3000,1000,3000,0,0,0,0,0,0,1000,3000,0,0
Allport et al. 1994 Exp 1 - Shift Both,Value Judgment - Even or Odd,Group Count - More or Less Than 5,Bivalent-Neutral,Disjoint,Arbitrary,100,Random,fixed,[],Not Specified,0.5,0.5,1000,3000,1000,3000,1000,3000,0,0,0,0,0,0,1000,3000,0,0
Allport et al. 1994 Exp 3 - Uniform Word Naming,Word Naming,,Bivalent-Incongruent,N/A,Arbitrary,0,Random,fixed,[],Not Specified,0.75,0.5,1000,3000,1000,3000,1000,3000,0,0,0,0,0,0,1000,3000,0,0
Allport et al. 1994 Exp 3 - Uniform Color Naming,Color Naming,,Bivalent-Incongruent,N/A,Arbitrary,0,Random,fixed,[],Not Specified,0.5,0.5,1000,3000,1000,3000,1000,3000,0,0,0,0,0,0,1000,3000,0,0
Allport et al. 1994 Exp 3 - Uniform Value Naming,Value Naming,,Bivalent-Neutral,N/A,Arbitrary,0,Random,fixed,[],Not Specified,0.75,0.5,1000,3000,1000,3000,1000,3000,0,0,0,0,0,0,1000,3000,0,0
Allport et al. 1994 Exp 3 - Uniform Group Count,Group Count,,Bivalent-Neutral,N/A,Arbitrary,0,Random,fixed,[],Not Specified,0.5,0.5,1000,3000,1000,3000,1000,3000,0,0,0,0,0,0,1000,3000,0,0
Allport et al. 1994 Exp 3 - Uniform Color Stimuli,Word Naming,Color Naming,Bivalent-Incongruent,Identical,Arbitrary,100,Random,fixed,[],Not Specified,0.75,0.5,1000,3000,1000,3000,1000,3000,0,0,0,0,0,0,1000,3000,0,0
Allport et al. 1994 Exp 3 - Uniform Numeral Stimuli,Value Naming,Group Count,Bivalent-Incongruent,Identical,Arbitrary,100,Random,fixed,[],Not Specified,0.75,0.5,1000,3000,1000,3000,1000,3000,0,0,0,0,0,0,1000,3000,0,0
Allport et al. 1994 Exp 3 - Dominant Mixed,Word Naming,Value Naming,Univalent,Disjoint,Arbitrary,100,Random,fixed,[],Not Specified,0.75,0.75,1000,3000,1000,3000,1000,3000,0,0,0,0,0,0,0,0,0,0
Allport et al. 1994 Exp 3 - NonDom Mixed,Color Naming,Group Count,Univalent,Disjoint,Arbitrary,100,Random,fixed,[],Not Specified,0.5,0.5,1000,3000,1000,3000,1000,3000,0,0,0,0,0,0,0,0,0,0
Allport et al. 1994 Exp 5 Baseline Word Reading Neutral 20ms RSI,Word Reading,,Bivalent-Neutral,N/A,Arbitrary,0,Random,fixed,[],20,0.75,0.5,1000,3000,1000,3000,1000,3000,0,0,0,0,0,0,1000,3000,0,0
Allport et al. 1994 Exp 5 Baseline Word Reading Incongruent 20ms RSI,Word Reading,,Bivalent-Incongruent,N/A,Arbitrary,0,Random,fixed,[],20,0.75,0.5,1000,3000,1000,3000,1000,3000,0,0,0,0,0,0,1000,3000,0,0
Allport et al. 1994 Exp 5 Baseline Color Naming Neutral 20ms RSI,Color Naming,,Bivalent-Neutral,N/A,Arbitrary,0,Random,fixed,[],20,0.5,0.5,1000,3000,1000,3000,1000,3000,0,0,0,0,0,0,1000,3000,0,0
Allport et al. 1994 Exp 5 Baseline Color Naming Incongruent 20ms RSI,Color Naming,,Bivalent-Incongruent,N/A,Arbitrary,0,Random,fixed,[],20,0.5,0.5,1000,3000,1000,3000,1000,3000,0,0,0,0,0,0,1000,3000,0,0
Allport et al. 1994 Exp 5 Switch to Word Reading Neutral 20ms RSI,Color Naming,Word Reading,Bivalent-Neutral,Identical,Arbitrary,0,Random,fixed,[],20,0.5,0.75,1000,3000,1000,3000,1000,3000,0,0,1000,3000,1000,3000,0,0,1000,3000
Allport et al. 1994 Exp 5 Switch to Word Reading Incongruent 20ms RSI,Color Naming,Word Reading,Bivalent-Incongruent,Identical,Arbitrary,0,Random,fixed,[],20,0.5,0.75,1000,3000,1000,3000,1000,3000,0,0,1000,3000,1000,3000,0,0,1000,3000
Allport et al. 1994 Exp 5 Switch to Color Naming Neutral 20ms RSI,Word Reading,Color Naming,Bivalent-Neutral,Identical,Arbitrary,0,Random,fixed,[],20,0.75,0.5,1000,3000,1000,3000,1000,3000,0,0,1000,3000,1000,3000,0,0,1000,3000
Allport et al. 1994 Exp 5 Switch to Color Naming Incongruent 20ms RSI,Word Reading,Color Naming,Bivalent-Incongruent,Identical,Arbitrary,0,Random,fixed,[],20,0.75,0.5,1000,3000,1000,3000,1000,3000,0,0,1000,3000,1000,3000,0,0,1000,3000
Allport et al. 1994 Exp 5 Baseline Word Reading Neutral 550ms RSI,Word Reading,,Bivalent-Neutral,N/A,Arbitrary,0,Random,fixed,[],550,0.75,0.5,1000,3000,1000,3000,1000,3000,0,0,0,0,0,0,1000,3000,0,0
Allport et al. 1994 Exp 5 Baseline Word Reading Incongruent 550ms RSI,Word Reading,,Bivalent-Incongruent,N/A,Arbitrary,0,Random,fixed,[],550,0.75,0.5,1000,3000,1000,3000,1000,3000,0,0,0,0,0,0,1000,3000,0,0
Allport et al. 1994 Exp 5 Baseline Color Naming Neutral 550ms RSI,Color Naming,,Bivalent-Neutral,N/A,Arbitrary,0,Random,fixed,[],550,0.5,0.5,1000,3000,1000,3000,1000,3000,0,0,0,0,0,0,1000,3000,0,0
Allport et al. 1994 Exp 5 Baseline Color Naming Incongruent 550ms RSI,Color Naming,,Bivalent-Incongruent,N/A,Arbitrary,0,Random,fixed,[],550,0.5,0.5,1000,3000,1000,3000,1000,3000,0,0,0,0,0,0,1000,3000,0,0
Allport et al. 1994 Exp 5 Switch to Word Reading Neutral 550ms RSI,Color Naming,Word Reading,Bivalent-Neutral,Identical,Arbitrary,0,Random,fixed,[],550,0.5,0.75,1000,3000,1000,3000,1000,3000,0,0,1000,3000,1000,3000,0,0,1000,3000
Allport et al. 1994 Exp 5 Switch to Word Reading Incongruent 550ms RSI,Color Naming,Word Reading,Bivalent-Incongruent,Identical,Arbitrary,0,Random,fixed,[],550,0.5,0.75,1000,3000,1000,3000,1000,3000,0,0,1000,3000,1000,3000,0,0,1000,3000
Allport et al. 1994 Exp 5 Switch to Color Naming Neutral 550ms RSI,Word Reading,Color Naming,Bivalent-Neutral,Identical,Arbitrary,0,Random,fixed,[],550,0.75,0.5,1000,3000,1000,3000,1000,3000,0,0,1000,3000,1000,3000,0,0,1000,3000
Allport et al. 1994 Exp 5 Switch to Color Naming Incongruent 550ms RSI,Word Reading,Color Naming,Bivalent-Incongruent,Identical,Arbitrary,0,Random,fixed,[],550,0.75,0.5,1000,3000,1000,3000,1000,3000,0,0,1000,3000,1000,3000,0,0,1000,3000
Allport et al. 1994 Exp 5 Baseline Word Reading Neutral 1100ms RSI,Word Reading,,Bivalent-Neutral,N/A,Arbitrary,0,Random,fixed,[],1100,0.75,0.5,1000,3000,1000,3000,1000,3000,0,0,0,0,0,0,1000,3000,0,0
Allport et al. 1994 Exp 5 Baseline Word Reading Incongruent 1100ms RSI,Word Reading,,Bivalent-Incongruent,N/A,Arbitrary,0,Random,fixed,[],1100,0.75,0.5,1000,3000,1000,3000,1000,3000,0,0,0,0,0,0,1000,3000,0,0
Allport et al. 1994 Exp 5 Baseline Color Naming Neutral 1100ms RSI,Color Naming,,Bivalent-Neutral,N/A,Arbitrary,0,Random,fixed,[],1100,0.5,0.5,1000,3000,1000,3000,1000,3000,0,0,0,0,0,0,1000,3000,0,0
Allport et al. 1994 Exp 5 Baseline Color Naming Incongruent 1100ms RSI,Color Naming,,Bivalent-Incongruent,N/A,Arbitrary,0,Random,fixed,[],1100,0.5,0.5,1000,3000,1000,3000,1000,3000,0,0,0,0,0,0,1000,3000,0,0
Allport et al. 1994 Exp 5 Switch to Word Reading Neutral 1100ms RSI,Color Naming,Word Reading,Bivalent-Neutral,Identical,Arbitrary,0,Random,fixed,[],1100,0.5,0.75,1000,3000,1000,3000,1000,3000,0,0,1000,3000,1000,3000,0,0,1000,3000
Allport et al. 1994 Exp 5 Switch to Word Reading Incongruent 1100ms RSI,Color Naming,Word Reading,Bivalent-Incongruent,Identical,Arbitrary,0,Random,fixed,[],1100,0.5,0.75,1000,3000,1000,3000,1000,3000,0,0,1000,3000,1000,3000,0,0,1000,3000
Allport et al. 1994 Exp 5 Switch to Color Naming Neutral 1100ms RSI,Word Reading,Color Naming,Bivalent-Neutral,Identical,Arbitrary,0,Random,fixed,[],1100,0.75,0.5,1000,3000,1000,3000,1000,3000,0,0,1000,3000,1000,3000,0,0,1000,3000
Allport et al. 1994 Exp 5 Switch to Color Naming Incongruent 1100ms RSI,Word Reading,Color Naming,Bivalent-Incongruent,Identical,Arbitrary,0,Random,fixed,[],1100,0.75,0.5,1000,3000,1000,3000,1000,3000,0,0,1000,3000,1000,3000,0,0,1000,3000
